{
    "name": "R3V2",
    "version": "1.0.0",
    "license": "GPL-2",
    "author": "R3V2 Team",
    "main": "App/index.htm",
    "repository": "https://github.com/themitosan/R3ditor-V2",
    "description": "This is the second version of the best software for Resident Evil 3 modding",
    "js-flags": "--disable-devtools --disable-web-security --allow-file-access-from-files --allow-file-access",
    "keywords": [
        "R3V2",
        "nw.js",
        "Electron",
        "R3ditor V2",
        "node-webkit"
    ],
    "window": {
        "width": 1316,
        "height": 684,
        "frame": true,
        "toolbar": false,
        "min_width": 1316,
        "min_height": 684,
        "fullscreen": false,
        "theme-color": "#000",
        "icon": "App/img/logo.png",
        "title": "R3ditor V2 - Please wait..."
    },
    "webkit": {
        "plugin": true
    }
}